epoch,train_loss,train_auc,val_loss,val_auc,learning_rate,time_elapsed,Model
1,0.7194292642667164,0.6543050415228064,0.600491055320291,0.9819523691391714,0.0002,8.542746305465698,BiLSTM
2,0.6415112831531077,0.8691638308618362,0.5556089471368229,0.9905110394443066,0.0002,15.685848951339722,BiLSTM
3,0.5972178622781377,0.9518948144100284,0.5434748109649209,0.9951004713470604,0.0002,22.7852783203125,BiLSTM
4,0.5706779538389605,0.9666244400837908,0.5360636655022116,0.9962788389977673,0.0002,30.00946307182312,BiLSTM
