epoch,train_loss,train_auc,val_loss,val_auc,learning_rate,time_elapsed,Model
1,0.7425191504907471,0.5848050539423898,0.6435784115510829,0.9968370131481022,0.0002,7.785278797149658,BiLSTM
2,0.6544364325296571,0.8716725866679915,0.5732880494173835,0.9987596129992558,0.0002,14.812329769134521,BiLSTM
3,0.6115507939483511,0.9429609942290338,0.5446605552645291,0.9994418258496651,0.0002,21.82439613342285,BiLSTM
4,0.5799039685965267,0.9744570572211597,0.5336814130053801,0.999689903249814,0.0002,28.84670662879944,BiLSTM
